collection,ticker,sector
B3/Bovespa,A1BB34.SA,NA
B3/Bovespa,A1BM34.SA,NA
B3/Bovespa,A1CR34.SA,NA
B3/Bovespa,A1DI34.SA,NA
B3/Bovespa,A1DM34.SA,NA
B3/Bovespa,A1EE34.SA,NA
B3/Bovespa,A1EG34.SA,NA
B3/Bovespa,A1EN34.SA,NA
B3/Bovespa,A1EP34.SA,NA
B3/Bovespa,A1ES34.SA,NA
B3/Bovespa,A1FL34.SA,NA
B3/Bovespa,A1GI34.SA,NA
B3/Bovespa,A1GN34.SA,NA
B3/Bovespa,A1IV34.SA,NA
B3/Bovespa,A1JG34.SA,NA
B3/Bovespa,A1KA34.SA,NA
B3/Bovespa,A1LB34.SA,NA
B3/Bovespa,A1LG34.SA,NA
B3/Bovespa,A1LK34.SA,NA
B3/Bovespa,A1LL34.SA,NA
B3/Bovespa,A1LN34.SA,NA
B3/Bovespa,A1LX34.SA,NA
B3/Bovespa,A1MB34.SA,NA
B3/Bovespa,A1MD34.SA,NA
B3/Bovespa,A1ME34.SA,NA
B3/Bovespa,A1MP34.SA,NA
B3/Bovespa,A1MT34.SA,NA
B3/Bovespa,A1MX34.SA,NA
B3/Bovespa,A1NE34.SA,NA
B3/Bovespa,A1NS34.SA,NA
B3/Bovespa,A1NT34.SA,NA
B3/Bovespa,A1ON34.SA,NA
B3/Bovespa,A1OS34.SA,NA
B3/Bovespa,A1PA34.SA,NA
B3/Bovespa,A1PD34.SA,NA
B3/Bovespa,A1PH34.SA,NA
B3/Bovespa,A1RE34.SA,NA
B3/Bovespa,A1RG34.SA,NA
B3/Bovespa,A1SN34.SA,NA
B3/Bovespa,A1SU34.SA,NA
B3/Bovespa,A1TH34.SA,NA
B3/Bovespa,A1TM34.SA,NA
B3/Bovespa,A1TT34.SA,NA
B3/Bovespa,A1UA34.SA,NA
B3/Bovespa,A1UT34.SA,NA
B3/Bovespa,A1VB34.SA,NA
B3/Bovespa,A1VY34.SA,NA
B3/Bovespa,A1WK34.SA,NA
B3/Bovespa,A1YX34.SA,NA
B3/Bovespa,A1ZN34.SA,NA
B3/Bovespa,AALL34.SA,NA
B3/Bovespa,AALR3.SA,NA
B3/Bovespa,AAPL34.SA,NA
B3/Bovespa,ABBV34.SA,NA
B3/Bovespa,ABCB4.SA,NA
B3/Bovespa,ABEV3.SA,NA
B3/Bovespa,ABTT34.SA,NA
B3/Bovespa,ABUD34.SA,NA
B3/Bovespa,ACNB34.SA,NA
B3/Bovespa,ADBE34.SA,NA
B3/Bovespa,ADPR34.SA,NA
B3/Bovespa,AERI3.SA,NA
B3/Bovespa,AESB3.SA,NA
B3/Bovespa,AFLT3.SA,NA
B3/Bovespa,AGRO3.SA,NA
B3/Bovespa,AHEB3.SA,NA
B3/Bovespa,AHEB5.SA,NA
B3/Bovespa,AHEB6.SA,NA
B3/Bovespa,AIGB34.SA,NA
B3/Bovespa,AIRB34.SA,NA
B3/Bovespa,ALEF3B.SA,NA
B3/Bovespa,ALLD3.SA,NA
B3/Bovespa,ALPA3.SA,NA
B3/Bovespa,ALPA4.SA,NA
B3/Bovespa,ALPK3.SA,NA
B3/Bovespa,ALSO3.SA,NA
B3/Bovespa,ALUP3.SA,NA
B3/Bovespa,ALUP4.SA,NA
B3/Bovespa,ALUP11.SA,NA
B3/Bovespa,AMAR3.SA,NA
B3/Bovespa,AMBP3.SA,NA
B3/Bovespa,AMGN34.SA,NA
B3/Bovespa,AMZO34.SA,NA
B3/Bovespa,ANIM3.SA,NA
B3/Bovespa,APER3.SA,NA
B3/Bovespa,APTI3.SA,NA
B3/Bovespa,APTI4.SA,NA
B3/Bovespa,APTV34.SA,NA
B3/Bovespa,ARMT34.SA,NA
B3/Bovespa,ARNC34.SA,NA
B3/Bovespa,ARZZ3.SA,NA
B3/Bovespa,ASAI3.SA,NA
B3/Bovespa,ASML34.SA,NA
B3/Bovespa,ATOM3.SA,NA
B3/Bovespa,ATTB34.SA,NA
B3/Bovespa,ATVI34.SA,NA
B3/Bovespa,AURA33.SA,NA
B3/Bovespa,AVGO34.SA,NA
B3/Bovespa,AVLL3.SA,NA
B3/Bovespa,AWII34.SA,NA
B3/Bovespa,AXPB34.SA,NA
B3/Bovespa,AZEV3.SA,NA
B3/Bovespa,AZEV4.SA,NA
B3/Bovespa,AZOI34.SA,NA
B3/Bovespa,AZUL4.SA,NA
B3/Bovespa,B1AM34.SA,NA
B3/Bovespa,B1AX34.SA,NA
B3/Bovespa,B1BL34.SA,NA
B3/Bovespa,B1BT34.SA,NA
B3/Bovespa,B1CS34.SA,NA
B3/Bovespa,B1DX34.SA,NA
B3/Bovespa,B1FC34.SA,NA
B3/Bovespa,B1GN34.SA,NA
B3/Bovespa,B1IL34.SA,NA
B3/Bovespa,B1KR34.SA,NA
B3/Bovespa,B1LL34.SA,NA
B3/Bovespa,B1MR34.SA,NA
B3/Bovespa,B1NT34.SA,NA
B3/Bovespa,B1PP34.SA,NA
B3/Bovespa,B1RF34.SA,NA
B3/Bovespa,B1SA34.SA,NA
B3/Bovespa,B1SX34.SA,NA
B3/Bovespa,B1TI34.SA,NA
B3/Bovespa,B1WA34.SA,NA
B3/Bovespa,B2YN34.SA,NA
B3/Bovespa,B3SA3.SA,NA
B3/Bovespa,BAAX39.SA,NA
B3/Bovespa,BABA34.SA,NA
B3/Bovespa,BACW39.SA,NA
B3/Bovespa,BAER39.SA,NA
B3/Bovespa,BAHI3.SA,NA
B3/Bovespa,BALM3.SA,NA
B3/Bovespa,BALM4.SA,NA
B3/Bovespa,BAUH3.SA,NA
B3/Bovespa,BAUH4.SA,NA
B3/Bovespa,BAZA3.SA,NA
B3/Bovespa,BBAS11.SA,NA
B3/Bovespa,BBAS12.SA,NA
B3/Bovespa,BBAS3.SA,NA
B3/Bovespa,BBDC3.SA,NA
B3/Bovespa,BBDC4.SA,NA
B3/Bovespa,BBML3.SA,NA
B3/Bovespa,BBRK3.SA,NA
B3/Bovespa,BBSE3.SA,NA
B3/Bovespa,BBYY34.SA,NA
B3/Bovespa,BCHI39.SA,NA
B3/Bovespa,BCSA34.SA,NA
B3/Bovespa,BCWV39.SA,NA
B3/Bovespa,BDRU11.SA,NA
B3/Bovespa,BDRX11.SA,NA
B3/Bovespa,BDVY39.SA,NA
B3/Bovespa,BEEF3.SA,NA
B3/Bovespa,BEEM39.SA,NA
B3/Bovespa,BEES3.SA,NA
B3/Bovespa,BEES4.SA,NA
B3/Bovespa,BEFA39.SA,NA
B3/Bovespa,BEFG39.SA,NA
B3/Bovespa,BEFV39.SA,NA
B3/Bovespa,BEGD39.SA,NA
B3/Bovespa,BEGE39.SA,NA
B3/Bovespa,BEGU39.SA,NA
B3/Bovespa,BEMV39.SA,NA
B3/Bovespa,BERK34.SA,NA
B3/Bovespa,BETP3B.SA,NA
B3/Bovespa,BEWA39.SA,NA
B3/Bovespa,BEWC39.SA,NA
B3/Bovespa,BEWG39.SA,NA
B3/Bovespa,BEWH39.SA,NA
B3/Bovespa,BEWJ39.SA,NA
B3/Bovespa,BEWL39.SA,NA
B3/Bovespa,BEWP39.SA,NA
B3/Bovespa,BEWQ39.SA,NA
B3/Bovespa,BEWT39.SA,NA
B3/Bovespa,BEWU39.SA,NA
B3/Bovespa,BEWW39.SA,NA
B3/Bovespa,BEWY39.SA,NA
B3/Bovespa,BEWZ39.SA,NA
B3/Bovespa,BEZU39.SA,NA
B3/Bovespa,BFAV39.SA,NA
B3/Bovespa,BFXI39.SA,NA
B3/Bovespa,BGIP3.SA,NA
B3/Bovespa,BGIP4.SA,NA
B3/Bovespa,BGRT39.SA,NA
B3/Bovespa,BGWH39.SA,NA
B3/Bovespa,BHEF39.SA,NA
B3/Bovespa,BHPG34.SA,NA
B3/Bovespa,BIAU39.SA,NA
B3/Bovespa,BIBB39.SA,NA
B3/Bovespa,BIDI3.SA,NA
B3/Bovespa,BIDI4.SA,NA
B3/Bovespa,BIDI11.SA,NA
B3/Bovespa,BIDU34.SA,NA
B3/Bovespa,BIEF39.SA,NA
B3/Bovespa,BIEM39.SA,NA
B3/Bovespa,BIEU39.SA,NA
B3/Bovespa,BIEV39.SA,NA
B3/Bovespa,BIGF39.SA,NA
B3/Bovespa,BIHI39.SA,NA
B3/Bovespa,BIIB34.SA,NA
B3/Bovespa,BIJH39.SA,NA
B3/Bovespa,BIJR39.SA,NA
B3/Bovespa,BILB34.SA,NA
B3/Bovespa,BILF39.SA,NA
B3/Bovespa,BIOM3.SA,NA
B3/Bovespa,BITO39.SA,NA
B3/Bovespa,BIVB39.SA,NA
B3/Bovespa,BIVE39.SA,NA
B3/Bovespa,BIVW39.SA,NA
B3/Bovespa,BIWF39.SA,NA
B3/Bovespa,BIWM39.SA,NA
B3/Bovespa,BIXJ39.SA,NA
B3/Bovespa,BIXN39.SA,NA
B3/Bovespa,BIYF39.SA,NA
B3/Bovespa,BIYG39.SA,NA
B3/Bovespa,BIYW39.SA,NA
B3/Bovespa,BKBR3.SA,NA
B3/Bovespa,BKNG34.SA,NA
B3/Bovespa,BLAK34.SA,NA
B3/Bovespa,BLAU3.SA,NA
B3/Bovespa,BMEB3.SA,NA
B3/Bovespa,BMEB4.SA,NA
B3/Bovespa,BMGB4.SA,NA
B3/Bovespa,BMIN3.SA,NA
B3/Bovespa,BMIN4.SA,NA
B3/Bovespa,BMKS3.SA,NA
B3/Bovespa,BMOB3.SA,NA
B3/Bovespa,BMTU39.SA,NA
B3/Bovespa,BMYB34.SA,NA
B3/Bovespa,BNBR3.SA,NA
B3/Bovespa,BNDA39.SA,NA
B3/Bovespa,BOAC34.SA,NA
B3/Bovespa,BOAS3.SA,NA
B3/Bovespa,BOBR3.SA,NA
B3/Bovespa,BOBR4.SA,NA
B3/Bovespa,BOEI34.SA,NA
B3/Bovespa,BONY34.SA,NA
B3/Bovespa,BOXP34.SA,NA
B3/Bovespa,BPAC3.SA,NA
B3/Bovespa,BPAC5.SA,NA
B3/Bovespa,BPAC11.SA,NA
B3/Bovespa,BPAN4.SA,NA
B3/Bovespa,BPAR3.SA,NA
B3/Bovespa,BQUA39.SA,NA
B3/Bovespa,BRAP3.SA,NA
B3/Bovespa,BRAP4.SA,NA
B3/Bovespa,BRDT3.SA,NA
B3/Bovespa,BRFS3.SA,NA
B3/Bovespa,BRGE3.SA,NA
B3/Bovespa,BRGE5.SA,NA
B3/Bovespa,BRGE6.SA,NA
B3/Bovespa,BRGE7.SA,NA
B3/Bovespa,BRGE8.SA,NA
B3/Bovespa,BRGE11.SA,NA
B3/Bovespa,BRGE12.SA,NA
B3/Bovespa,BRIV3.SA,NA
B3/Bovespa,BRIV4.SA,NA
B3/Bovespa,BRKM3.SA,NA
B3/Bovespa,BRKM5.SA,NA
B3/Bovespa,BRKM6.SA,NA
B3/Bovespa,BRML3.SA,NA
B3/Bovespa,BRPR3.SA,NA
B3/Bovespa,BRQB3.SA,NA
B3/Bovespa,BRSR3.SA,NA
B3/Bovespa,BRSR5.SA,NA
B3/Bovespa,BRSR6.SA,NA
B3/Bovespa,BSIZ39.SA,NA
B3/Bovespa,BSLI3.SA,NA
B3/Bovespa,BSLI4.SA,NA
B3/Bovespa,BSLV39.SA,NA
B3/Bovespa,BSUS39.SA,NA
B3/Bovespa,BTOW3.SA,NA
B3/Bovespa,BTTL3.SA,NA
B3/Bovespa,BUSM39.SA,NA
B3/Bovespa,BUSR39.SA,NA
B3/Bovespa,BVLU39.SA,NA
B3/Bovespa,BXTC39.SA,NA
B3/Bovespa,C1AB34.SA,NA
B3/Bovespa,C1AG34.SA,NA
B3/Bovespa,C1AH34.SA,NA
B3/Bovespa,C1BL34.SA,NA
B3/Bovespa,C1BO34.SA,NA
B3/Bovespa,C1BR34.SA,NA
B3/Bovespa,C1BS34.SA,NA
B3/Bovespa,C1CI34.SA,NA
B3/Bovespa,C1CL34.SA,NA
B3/Bovespa,C1DN34.SA,NA
B3/Bovespa,C1DW34.SA,NA
B3/Bovespa,C1ER34.SA,NA
B3/Bovespa,C1FG34.SA,NA
B3/Bovespa,C1FI34.SA,NA
B3/Bovespa,C1GP34.SA,NA
B3/Bovespa,C1HI34.SA,NA
B3/Bovespa,C1HK34.SA,NA
B3/Bovespa,C1HL34.SA,NA
B3/Bovespa,C1HR34.SA,NA
B3/Bovespa,C1HT34.SA,NA
B3/Bovespa,C1IC34.SA,NA
B3/Bovespa,C1MA34.SA,NA
B3/Bovespa,C1MG34.SA,NA
B3/Bovespa,C1MI34.SA,NA
B3/Bovespa,C1MS34.SA,NA
B3/Bovespa,C1NC34.SA,NA
B3/Bovespa,C1NP34.SA,NA
B3/Bovespa,C1NS34.SA,NA
B3/Bovespa,C1OG34.SA,NA
B3/Bovespa,C1OO34.SA,NA
B3/Bovespa,C1OU34.SA,NA
B3/Bovespa,C1PB34.SA,NA
B3/Bovespa,C1PR34.SA,NA
B3/Bovespa,C1RR34.SA,NA
B3/Bovespa,C1SU34.SA,NA
B3/Bovespa,C1TA34.SA,NA
B3/Bovespa,C1TV34.SA,NA
B3/Bovespa,C1TX34.SA,NA
B3/Bovespa,C2HD34.SA,NA
B3/Bovespa,C2ON34.SA,NA
B3/Bovespa,C2ZR34.SA,NA
B3/Bovespa,CABI3B.SA,NA
B3/Bovespa,CACO3B.SA,NA
B3/Bovespa,CAJI34.SA,NA
B3/Bovespa,CALI3.SA,NA
B3/Bovespa,CALI4.SA,NA
B3/Bovespa,CAMB3.SA,NA
B3/Bovespa,CAML3.SA,NA
B3/Bovespa,CAON34.SA,NA
B3/Bovespa,CAPH34.SA,NA
B3/Bovespa,CARD3.SA,NA
B3/Bovespa,CASH3.SA,NA
B3/Bovespa,CASN3.SA,NA
B3/Bovespa,CASN4.SA,NA
B3/Bovespa,CATA3.SA,NA
B3/Bovespa,CATA4.SA,NA
B3/Bovespa,CATP34.SA,NA
B3/Bovespa,CBEE3.SA,NA
B3/Bovespa,CCPR3.SA,NA
B3/Bovespa,CCRO3.SA,NA
B3/Bovespa,CEAB3.SA,NA
B3/Bovespa,CEBR3.SA,NA
B3/Bovespa,CEBR5.SA,NA
B3/Bovespa,CEBR6.SA,NA
B3/Bovespa,CEDO3.SA,NA
B3/Bovespa,CEDO4.SA,NA
B3/Bovespa,CEEB3.SA,NA
B3/Bovespa,CEEB5.SA,NA
B3/Bovespa,CEEB6.SA,NA
B3/Bovespa,CEED3.SA,NA
B3/Bovespa,CEED4.SA,NA
B3/Bovespa,CEGR3.SA,NA
B3/Bovespa,CEPE3.SA,NA
B3/Bovespa,CEPE5.SA,NA
B3/Bovespa,CEPE6.SA,NA
B3/Bovespa,CESP3.SA,NA
B3/Bovespa,CESP5.SA,NA
B3/Bovespa,CESP6.SA,NA
B3/Bovespa,CGAS3.SA,NA
B3/Bovespa,CGAS5.SA,NA
B3/Bovespa,CGRA3.SA,NA
B3/Bovespa,CGRA4.SA,NA
B3/Bovespa,CHCM34.SA,NA
B3/Bovespa,CHDC34.SA,NA
B3/Bovespa,CHME34.SA,NA
B3/Bovespa,CHVX34.SA,NA
B3/Bovespa,CIEL3.SA,NA
B3/Bovespa,CINF34.SA,NA
B3/Bovespa,CLSC3.SA,NA
B3/Bovespa,CLSC4.SA,NA
B3/Bovespa,CLXC34.SA,NA
B3/Bovespa,CMCS34.SA,NA
B3/Bovespa,CMIG3.SA,NA
B3/Bovespa,CMIG4.SA,NA
B3/Bovespa,CMIN3.SA,NA
B3/Bovespa,CMSA3.SA,NA
B3/Bovespa,CMSA4.SA,NA
B3/Bovespa,CNIC34.SA,NA
B3/Bovespa,CNSY3.SA,NA
B3/Bovespa,COCA34.SA,NA
B3/Bovespa,COCE3.SA,NA
B3/Bovespa,COCE5.SA,NA
B3/Bovespa,COCE6.SA,NA
B3/Bovespa,COGN3.SA,NA
B3/Bovespa,COLG34.SA,NA
B3/Bovespa,COPH34.SA,NA
B3/Bovespa,CORR3.SA,NA
B3/Bovespa,CORR4.SA,NA
B3/Bovespa,COTY34.SA,NA
B3/Bovespa,COWC34.SA,NA
B3/Bovespa,CPFE3.SA,NA
B3/Bovespa,CPLE3.SA,NA
B3/Bovespa,CPLE5.SA,NA
B3/Bovespa,CPLE6.SA,NA
B3/Bovespa,CPLE11.SA,NA
B3/Bovespa,CPRL34.SA,NA
B3/Bovespa,CRDA34.SA,NA
B3/Bovespa,CRDE3.SA,NA
B3/Bovespa,CRFB3.SA,NA
B3/Bovespa,CRHP34.SA,NA
B3/Bovespa,CRIN34.SA,NA
B3/Bovespa,CRIP34.SA,NA
B3/Bovespa,CRIV3.SA,NA
B3/Bovespa,CRIV4.SA,NA
B3/Bovespa,CRPG3.SA,NA
B3/Bovespa,CRPG5.SA,NA
B3/Bovespa,CRPG6.SA,NA
B3/Bovespa,CRTE3B.SA,NA
B3/Bovespa,CRTE5B.SA,NA
B3/Bovespa,CSAB3.SA,NA
B3/Bovespa,CSAB4.SA,NA
B3/Bovespa,CSAN3.SA,NA
B3/Bovespa,CSCO34.SA,NA
B3/Bovespa,CSED3.SA,NA
B3/Bovespa,CSMG3.SA,NA
B3/Bovespa,CSNA3.SA,NA
B3/Bovespa,CSRN3.SA,NA
B3/Bovespa,CSRN5.SA,NA
B3/Bovespa,CSRN6.SA,NA
B3/Bovespa,CSXC34.SA,NA
B3/Bovespa,CTCA3.SA,NA
B3/Bovespa,CTGP34.SA,NA
B3/Bovespa,CTKA3.SA,NA
B3/Bovespa,CTKA4.SA,NA
B3/Bovespa,CTNM3.SA,NA
B3/Bovespa,CTNM4.SA,NA
B3/Bovespa,CTSA3.SA,NA
B3/Bovespa,CTSA4.SA,NA
B3/Bovespa,CTSH34.SA,NA
B3/Bovespa,CURY3.SA,NA
B3/Bovespa,CVCB3.SA,NA
B3/Bovespa,CVSH34.SA,NA
B3/Bovespa,CXSE3.SA,NA
B3/Bovespa,CYRE3.SA,NA
B3/Bovespa,D1DG34.SA,NA
B3/Bovespa,D1EL34.SA,NA
B3/Bovespa,D1EX34.SA,NA
B3/Bovespa,D1FS34.SA,NA
B3/Bovespa,D1HI34.SA,NA
B3/Bovespa,D1IS34.SA,NA
B3/Bovespa,D1LR34.SA,NA
B3/Bovespa,D1OC34.SA,NA
B3/Bovespa,D1OM34.SA,NA
B3/Bovespa,D1OV34.SA,NA
B3/Bovespa,D1OW34.SA,NA
B3/Bovespa,D1RE34.SA,NA
B3/Bovespa,D1RI34.SA,NA
B3/Bovespa,D1TE34.SA,NA
B3/Bovespa,D1VN34.SA,NA
B3/Bovespa,D1XC34.SA,NA
B3/Bovespa,D2KN34.SA,NA
B3/Bovespa,DASA3.SA,NA
B3/Bovespa,DBAG34.SA,NA
B3/Bovespa,DCVY34.SA,NA
B3/Bovespa,DCVY35.SA,NA
B3/Bovespa,DDNB34.SA,NA
B3/Bovespa,DEAI34.SA,NA
B3/Bovespa,DEEC34.SA,NA
B3/Bovespa,DEOP34.SA,NA
B3/Bovespa,DGCO34.SA,NA
B3/Bovespa,DHER34.SA,NA
B3/Bovespa,DIRR3.SA,NA
B3/Bovespa,DISB34.SA,NA
B3/Bovespa,DLTR34.SA,NA
B3/Bovespa,DMMO3.SA,NA
B3/Bovespa,DMVF3.SA,NA
B3/Bovespa,DOHL3.SA,NA
B3/Bovespa,DOHL4.SA,NA
B3/Bovespa,DTCY3.SA,NA
B3/Bovespa,DTCY4.SA,NA
B3/Bovespa,DTEX3.SA,NA
B3/Bovespa,DUKB34.SA,NA
B3/Bovespa,DVAI34.SA,NA
B3/Bovespa,E1CL34.SA,NA
B3/Bovespa,E1CO34.SA,NA
B3/Bovespa,E1DI34.SA,NA
B3/Bovespa,E1DU34.SA,NA
B3/Bovespa,E1FX34.SA,NA
B3/Bovespa,E1IX34.SA,NA
B3/Bovespa,E1MN34.SA,NA
B3/Bovespa,E1MR34.SA,NA
B3/Bovespa,E1NI34.SA,NA
B3/Bovespa,E1OG34.SA,NA
B3/Bovespa,E1QN34.SA,NA
B3/Bovespa,E1QR34.SA,NA
B3/Bovespa,E1RI34.SA,NA
B3/Bovespa,E1SE34.SA,NA
B3/Bovespa,E1SS34.SA,NA
B3/Bovespa,E1TN34.SA,NA
B3/Bovespa,E1TR34.SA,NA
B3/Bovespa,E1VE34.SA,NA
B3/Bovespa,E1VR34.SA,NA
B3/Bovespa,E1WL34.SA,NA
B3/Bovespa,E1XC34.SA,NA
B3/Bovespa,E1XP34.SA,NA
B3/Bovespa,E1XR34.SA,NA
B3/Bovespa,EAIN34.SA,NA
B3/Bovespa,EALT3.SA,NA
B3/Bovespa,EALT4.SA,NA
B3/Bovespa,EBAY34.SA,NA
B3/Bovespa,ECOR3.SA,NA
B3/Bovespa,ECPR3.SA,NA
B3/Bovespa,ECPR4.SA,NA
B3/Bovespa,EEEL3.SA,NA
B3/Bovespa,EEEL4.SA,NA
B3/Bovespa,EGIE3.SA,NA
B3/Bovespa,EKTR3.SA,NA
B3/Bovespa,EKTR4.SA,NA
B3/Bovespa,ELCI34.SA,NA
B3/Bovespa,ELET3.SA,NA
B3/Bovespa,ELET5.SA,NA
B3/Bovespa,ELET6.SA,NA
B3/Bovespa,ELMD3.SA,NA
B3/Bovespa,EMAE3.SA,NA
B3/Bovespa,EMAE4.SA,NA
B3/Bovespa,EMBR3.SA,NA
B3/Bovespa,ENAT3.SA,NA
B3/Bovespa,ENBR3.SA,NA
B3/Bovespa,ENEV3.SA,NA
B3/Bovespa,ENGI3.SA,NA
B3/Bovespa,ENGI4.SA,NA
B3/Bovespa,ENGI11.SA,NA
B3/Bovespa,ENJU3.SA,NA
B3/Bovespa,ENMT3.SA,NA
B3/Bovespa,ENMT4.SA,NA
B3/Bovespa,EQIX34.SA,NA
B3/Bovespa,EQMA3B.SA,NA
B3/Bovespa,EQMA5B.SA,NA
B3/Bovespa,EQMA6B.SA,NA
B3/Bovespa,EQPA3.SA,NA
B3/Bovespa,EQPA5.SA,NA
B3/Bovespa,EQPA6.SA,NA
B3/Bovespa,EQPA7.SA,NA
B3/Bovespa,EQTL3.SA,NA
B3/Bovespa,ESPA3.SA,NA
B3/Bovespa,ESTR3.SA,NA
B3/Bovespa,ESTR4.SA,NA
B3/Bovespa,EUCA3.SA,NA
B3/Bovespa,EUCA4.SA,NA
B3/Bovespa,EVEN3.SA,NA
B3/Bovespa,EXGR34.SA,NA
B3/Bovespa,EXXO34.SA,NA
B3/Bovespa,EZTC3.SA,NA
B3/Bovespa,F1AN34.SA,NA
B3/Bovespa,F1BH34.SA,NA
B3/Bovespa,F1EC34.SA,NA
B3/Bovespa,F1FI34.SA,NA
B3/Bovespa,F1IS34.SA,NA
B3/Bovespa,F1LS34.SA,NA
B3/Bovespa,F1MC34.SA,NA
B3/Bovespa,F1NI34.SA,NA
B3/Bovespa,F1RA34.SA,NA
B3/Bovespa,F1RC34.SA,NA
B3/Bovespa,F1RI34.SA,NA
B3/Bovespa,F1SL34.SA,NA
B3/Bovespa,F1TN34.SA,NA
B3/Bovespa,F1TV34.SA,NA
B3/Bovespa,FASL34.SA,NA
B3/Bovespa,FBOK34.SA,NA
B3/Bovespa,FCXO34.SA,NA
B3/Bovespa,FDMO34.SA,NA
B3/Bovespa,FDXB34.SA,NA
B3/Bovespa,FESA3.SA,NA
B3/Bovespa,FESA4.SA,NA
B3/Bovespa,FFTD34.SA,NA
B3/Bovespa,FIGE3.SA,NA
B3/Bovespa,FIGE4.SA,NA
B3/Bovespa,FLEX3.SA,NA
B3/Bovespa,FLRY3.SA,NA
B3/Bovespa,FLTC34.SA,NA
B3/Bovespa,FMSC34.SA,NA
B3/Bovespa,FMXB34.SA,NA
B3/Bovespa,FNCN3.SA,NA
B3/Bovespa,FOXC34.SA,NA
B3/Bovespa,FRAS3.SA,NA
B3/Bovespa,FRIO3.SA,NA
B3/Bovespa,FRRN3B.SA,NA
B3/Bovespa,FRRN5B.SA,NA
B3/Bovespa,FRRN6B.SA,NA
B3/Bovespa,FSLR34.SA,NA
B3/Bovespa,G1AR34.SA,NA
B3/Bovespa,G1DS34.SA,NA
B3/Bovespa,G1FI34.SA,NA
B3/Bovespa,G1LL34.SA,NA
B3/Bovespa,G1LP34.SA,NA
B3/Bovespa,G1LW34.SA,NA
B3/Bovespa,G1MI34.SA,NA
B3/Bovespa,G1PC34.SA,NA
B3/Bovespa,G1PI34.SA,NA
B3/Bovespa,G1RM34.SA,NA
B3/Bovespa,G1SK34.SA,NA
B3/Bovespa,G1WW34.SA,NA
B3/Bovespa,G2DI33.SA,NA
B3/Bovespa,GDBR34.SA,NA
B3/Bovespa,GEOO34.SA,NA
B3/Bovespa,GEPA3.SA,NA
B3/Bovespa,GEPA4.SA,NA
B3/Bovespa,GFSA3.SA,NA
B3/Bovespa,GGBR3.SA,NA
B3/Bovespa,GGBR4.SA,NA
B3/Bovespa,GGPS3.SA,NA
B3/Bovespa,GILD34.SA,NA
B3/Bovespa,GMAT3.SA,NA
B3/Bovespa,GMCO34.SA,NA
B3/Bovespa,GNDI3.SA,NA
B3/Bovespa,GOAU3.SA,NA
B3/Bovespa,GOAU4.SA,NA
B3/Bovespa,GOGL34.SA,NA
B3/Bovespa,GOGL35.SA,NA
B3/Bovespa,GOLL4.SA,NA
B3/Bovespa,GPAR3.SA,NA
B3/Bovespa,GPCP3.SA,NA
B3/Bovespa,GPCP4.SA,NA
B3/Bovespa,GPIV33.SA,NA
B3/Bovespa,GPRK34.SA,NA
B3/Bovespa,GPRO34.SA,NA
B3/Bovespa,GPSI34.SA,NA
B3/Bovespa,GRND3.SA,NA
B3/Bovespa,GSGI34.SA,NA
B3/Bovespa,GSHP3.SA,NA
B3/Bovespa,GUAR3.SA,NA
B3/Bovespa,H1AS34.SA,NA
B3/Bovespa,H1BA34.SA,NA
B3/Bovespa,H1BI34.SA,NA
B3/Bovespa,H1CA34.SA,NA
B3/Bovespa,H1DB34.SA,NA
B3/Bovespa,H1EI34.SA,NA
B3/Bovespa,H1ES34.SA,NA
B3/Bovespa,H1FC34.SA,NA
B3/Bovespa,H1IG34.SA,NA
B3/Bovespa,H1II34.SA,NA
B3/Bovespa,H1LT34.SA,NA
B3/Bovespa,H1OG34.SA,NA
B3/Bovespa,H1OL34.SA,NA
B3/Bovespa,H1PE34.SA,NA
B3/Bovespa,H1RB34.SA,NA
B3/Bovespa,H1RL34.SA,NA
B3/Bovespa,H1SB34.SA,NA
B3/Bovespa,H1SI34.SA,NA
B3/Bovespa,H1ST34.SA,NA
B3/Bovespa,H1TH34.SA,NA
B3/Bovespa,H1UM34.SA,NA
B3/Bovespa,H1ZN34.SA,NA
B3/Bovespa,HAGA3.SA,NA
B3/Bovespa,HAGA4.SA,NA
B3/Bovespa,HALI34.SA,NA
B3/Bovespa,HAPV3.SA,NA
B3/Bovespa,HBOR3.SA,NA
B3/Bovespa,HBRE3.SA,NA
B3/Bovespa,HBSA3.SA,NA
B3/Bovespa,HBTS3.SA,NA
B3/Bovespa,HBTS5.SA,NA
B3/Bovespa,HBTS6.SA,NA
B3/Bovespa,HETA3.SA,NA
B3/Bovespa,HETA4.SA,NA
B3/Bovespa,HGTX3.SA,NA
B3/Bovespa,HOME34.SA,NA
B3/Bovespa,HONB34.SA,NA
B3/Bovespa,HOND34.SA,NA
B3/Bovespa,HPQB34.SA,NA
B3/Bovespa,HSHY34.SA,NA
B3/Bovespa,HYPE3.SA,NA
B3/Bovespa,I1AC34.SA,NA
B3/Bovespa,I1BN34.SA,NA
B3/Bovespa,I1CE34.SA,NA
B3/Bovespa,I1DX34.SA,NA
B3/Bovespa,I1EX34.SA,NA
B3/Bovespa,I1FF34.SA,NA
B3/Bovespa,I1FO34.SA,NA
B3/Bovespa,I1HG34.SA,NA
B3/Bovespa,I1LM34.SA,NA
B3/Bovespa,I1NC34.SA,NA
B3/Bovespa,I1NF34.SA,NA
B3/Bovespa,I1PC34.SA,NA
B3/Bovespa,I1PG34.SA,NA
B3/Bovespa,I1PH34.SA,NA
B3/Bovespa,I1QV34.SA,NA
B3/Bovespa,I1QY34.SA,NA
B3/Bovespa,I1RM34.SA,NA
B3/Bovespa,I1RP34.SA,NA
B3/Bovespa,I1SR34.SA,NA
B3/Bovespa,I1TW34.SA,NA
B3/Bovespa,I1VZ34.SA,NA
B3/Bovespa,I1XC34.SA,NA
B3/Bovespa,IBMB34.SA,NA
B3/Bovespa,IBOV11.SA,NA
B3/Bovespa,IBRA11.SA,NA
B3/Bovespa,IBXL11.SA,NA
B3/Bovespa,IBXX11.SA,NA
B3/Bovespa,ICO211.SA,NA
B3/Bovespa,ICON11.SA,NA
B3/Bovespa,IDIV11.SA,NA
B3/Bovespa,IEEX11.SA,NA
B3/Bovespa,IFCM3.SA,NA
B3/Bovespa,IFIL11.SA,NA
B3/Bovespa,IFIX11.SA,NA
B3/Bovespa,IFNC11.SA,NA
B3/Bovespa,IGCT11.SA,NA
B3/Bovespa,IGCX11.SA,NA
B3/Bovespa,IGNM11.SA,NA
B3/Bovespa,IGSN3.SA,NA
B3/Bovespa,IGTA3.SA,NA
B3/Bovespa,IMAT11.SA,NA
B3/Bovespa,IMOB11.SA,NA
B3/Bovespa,INDX11.SA,NA
B3/Bovespa,INGG34.SA,NA
B3/Bovespa,INNT3.SA,NA
B3/Bovespa,INTB3.SA,NA
B3/Bovespa,INTU34.SA,NA
B3/Bovespa,IRBR3.SA,NA
B3/Bovespa,ISBC34.SA,NA
B3/Bovespa,ISEE11.SA,NA
B3/Bovespa,ITAG11.SA,NA
B3/Bovespa,ITLC34.SA,NA
B3/Bovespa,ITSA3.SA,NA
B3/Bovespa,ITSA4.SA,NA
B3/Bovespa,ITUB3.SA,NA
B3/Bovespa,ITUB4.SA,NA
B3/Bovespa,IVBX11.SA,NA
B3/Bovespa,IVPR3B.SA,NA
B3/Bovespa,IVPR4B.SA,NA
B3/Bovespa,J1BH34.SA,NA
B3/Bovespa,J1CI34.SA,NA
B3/Bovespa,J1EF34.SA,NA
B3/Bovespa,J1EG34.SA,NA
B3/Bovespa,J1KH34.SA,NA
B3/Bovespa,J1NP34.SA,NA
B3/Bovespa,J1WN34.SA,NA
B3/Bovespa,JALL3.SA,NA
B3/Bovespa,JBDU3.SA,NA
B3/Bovespa,JBDU4.SA,NA
B3/Bovespa,JBSS3.SA,NA
B3/Bovespa,JDCO34.SA,NA
B3/Bovespa,JHSF3.SA,NA
B3/Bovespa,JNJB34.SA,NA
B3/Bovespa,JOPA3.SA,NA
B3/Bovespa,JOPA4.SA,NA
B3/Bovespa,JPMC34.SA,NA
B3/Bovespa,JPSA3.SA,NA
B3/Bovespa,JSLG3.SA,NA
B3/Bovespa,K1BF34.SA,NA
B3/Bovespa,K1CS34.SA,NA
B3/Bovespa,K1EL34.SA,NA
B3/Bovespa,K1EY34.SA,NA
B3/Bovespa,K1IM34.SA,NA
B3/Bovespa,K1LA34.SA,NA
B3/Bovespa,K1MX34.SA,NA
B3/Bovespa,K1RC34.SA,NA
B3/Bovespa,K1SG34.SA,NA
B3/Bovespa,K1SS34.SA,NA
B3/Bovespa,K1TC34.SA,NA
B3/Bovespa,K2CG34.SA,NA
B3/Bovespa,KEPL3.SA,NA
B3/Bovespa,KHCB34.SA,NA
B3/Bovespa,KLBN3.SA,NA
B3/Bovespa,KLBN4.SA,NA
B3/Bovespa,KLBN11.SA,NA
B3/Bovespa,KMBB34.SA,NA
B3/Bovespa,KMIC34.SA,NA
B3/Bovespa,KMPR34.SA,NA
B3/Bovespa,L1BT34.SA,NA
B3/Bovespa,L1BT35.SA,NA
B3/Bovespa,L1CA34.SA,NA
B3/Bovespa,L1DO34.SA,NA
B3/Bovespa,L1EG34.SA,NA
B3/Bovespa,L1EN34.SA,NA
B3/Bovespa,L1FC34.SA,NA
B3/Bovespa,L1HX34.SA,NA
B3/Bovespa,L1IN34.SA,NA
B3/Bovespa,L1KQ34.SA,NA
B3/Bovespa,L1MN34.SA,NA
B3/Bovespa,L1NC34.SA,NA
B3/Bovespa,L1OE34.SA,NA
B3/Bovespa,L1RC34.SA,NA
B3/Bovespa,L1UL34.SA,NA
B3/Bovespa,L1VS34.SA,NA
B3/Bovespa,L1WH34.SA,NA
B3/Bovespa,L1YB34.SA,NA
B3/Bovespa,L1YG34.SA,NA
B3/Bovespa,L1YV34.SA,NA
B3/Bovespa,LAME3.SA,NA
B3/Bovespa,LAME4.SA,NA
B3/Bovespa,LAVV3.SA,NA
B3/Bovespa,LBRD34.SA,NA
B3/Bovespa,LBRN34.SA,NA
B3/Bovespa,LCAM3.SA,NA
B3/Bovespa,LEVE3.SA,NA
B3/Bovespa,LIGT3.SA,NA
B3/Bovespa,LILY34.SA,NA
B3/Bovespa,LINX3.SA,NA
B3/Bovespa,LIPR3.SA,NA
B3/Bovespa,LJQQ3.SA,NA
B3/Bovespa,LMED3.SA,NA
B3/Bovespa,LMTB34.SA,NA
B3/Bovespa,LOGG3.SA,NA
B3/Bovespa,LOGN3.SA,NA
B3/Bovespa,LOWC34.SA,NA
B3/Bovespa,LPSB3.SA,NA
B3/Bovespa,LREN3.SA,NA
B3/Bovespa,LSXM34.SA,NA
B3/Bovespa,LSXM35.SA,NA
B3/Bovespa,LTEL3B.SA,NA
B3/Bovespa,LTLA3B.SA,NA
B3/Bovespa,LUXM3.SA,NA
B3/Bovespa,LUXM4.SA,NA
B3/Bovespa,LWSA3.SA,NA
B3/Bovespa,M1AA34.SA,NA
B3/Bovespa,M1AS34.SA,NA
B3/Bovespa,M1BT34.SA,NA
B3/Bovespa,M1CB34.SA,NA
B3/Bovespa,M1CH34.SA,NA
B3/Bovespa,M1CK34.SA,NA
B3/Bovespa,M1DB34.SA,NA
B3/Bovespa,M1GM34.SA,NA
B3/Bovespa,M1HK34.SA,NA
B3/Bovespa,M1KC34.SA,NA
B3/Bovespa,M1KT34.SA,NA
B3/Bovespa,M1LC34.SA,NA
B3/Bovespa,M1LM34.SA,NA
B3/Bovespa,M1MC34.SA,NA
B3/Bovespa,M1NS34.SA,NA
B3/Bovespa,M1PC34.SA,NA
B3/Bovespa,M1RN34.SA,NA
B3/Bovespa,M1RO34.SA,NA
B3/Bovespa,M1SC34.SA,NA
B3/Bovespa,M1SI34.SA,NA
B3/Bovespa,M1TB34.SA,NA
B3/Bovespa,M1TC34.SA,NA
B3/Bovespa,M1TD34.SA,NA
B3/Bovespa,M1TT34.SA,NA
B3/Bovespa,M1UF34.SA,NA
B3/Bovespa,M1XI34.SA,NA
B3/Bovespa,M2PW34.SA,NA
B3/Bovespa,MACY34.SA,NA
B3/Bovespa,MAPT3.SA,NA
B3/Bovespa,MAPT4.SA,NA
B3/Bovespa,MATD3.SA,NA
B3/Bovespa,MBLY3.SA,NA
B3/Bovespa,MCDC34.SA,NA
B3/Bovespa,MCOR34.SA,NA
B3/Bovespa,MDIA3.SA,NA
B3/Bovespa,MDLZ34.SA,NA
B3/Bovespa,MDNE3.SA,NA
B3/Bovespa,MDTC34.SA,NA
B3/Bovespa,MEAL3.SA,NA
B3/Bovespa,MELI34.SA,NA
B3/Bovespa,MELK3.SA,NA
B3/Bovespa,MERC3.SA,NA
B3/Bovespa,MERC4.SA,NA
B3/Bovespa,METB34.SA,NA
B3/Bovespa,MGEL3.SA,NA
B3/Bovespa,MGEL4.SA,NA
B3/Bovespa,MGLU3.SA,NA
B3/Bovespa,MILS3.SA,NA
B3/Bovespa,MKLC34.SA,NA
B3/Bovespa,MLCX11.SA,NA
B3/Bovespa,MMAQ3.SA,NA
B3/Bovespa,MMAQ4.SA,NA
B3/Bovespa,MMMC34.SA,NA
B3/Bovespa,MNDL3.SA,NA
B3/Bovespa,MNPR3.SA,NA
B3/Bovespa,MNZC3B.SA,NA
B3/Bovespa,MOAR3.SA,NA
B3/Bovespa,MODL3.SA,NA
B3/Bovespa,MODL4.SA,NA
B3/Bovespa,MODL11.SA,NA
B3/Bovespa,MOOO34.SA,NA
B3/Bovespa,MOSC34.SA,NA
B3/Bovespa,MOSI3.SA,NA
B3/Bovespa,MOVI3.SA,NA
B3/Bovespa,MRCK34.SA,NA
B3/Bovespa,MRFG3.SA,NA
B3/Bovespa,MRSA3B.SA,NA
B3/Bovespa,MRSA5B.SA,NA
B3/Bovespa,MRSA6B.SA,NA
B3/Bovespa,MRVE3.SA,NA
B3/Bovespa,MSBR34.SA,NA
B3/Bovespa,MSCD34.SA,NA
B3/Bovespa,MSFT34.SA,NA
B3/Bovespa,MSPA3.SA,NA
B3/Bovespa,MSPA4.SA,NA
B3/Bovespa,MSRO3.SA,NA
B3/Bovespa,MTIG3.SA,NA
B3/Bovespa,MTIG4.SA,NA
B3/Bovespa,MTRE3.SA,NA
B3/Bovespa,MTSA3.SA,NA
B3/Bovespa,MTSA4.SA,NA
B3/Bovespa,MULT3.SA,NA
B3/Bovespa,MUTC34.SA,NA
B3/Bovespa,MYPK3.SA,NA
B3/Bovespa,N1BI34.SA,NA
B3/Bovespa,N1CL34.SA,NA
B3/Bovespa,N1DA34.SA,NA
B3/Bovespa,N1EM34.SA,NA
B3/Bovespa,N1GG34.SA,NA
B3/Bovespa,N1IC34.SA,NA
B3/Bovespa,N1IS34.SA,NA
B3/Bovespa,N1LS34.SA,NA
B3/Bovespa,N1OV34.SA,NA
B3/Bovespa,N1OW34.SA,NA
B3/Bovespa,N1RG34.SA,NA
B3/Bovespa,N1SC34.SA,NA
B3/Bovespa,N1TA34.SA,NA
B3/Bovespa,N1TR34.SA,NA
B3/Bovespa,N1UE34.SA,NA
B3/Bovespa,N1VO34.SA,NA
B3/Bovespa,N1VR34.SA,NA
B3/Bovespa,N1VS34.SA,NA
B3/Bovespa,N1WG34.SA,NA
B3/Bovespa,N1WL34.SA,NA
B3/Bovespa,N1WS34.SA,NA
B3/Bovespa,N1WS35.SA,NA
B3/Bovespa,N1XP34.SA,NA
B3/Bovespa,NEMO3.SA,NA
B3/Bovespa,NEMO5.SA,NA
B3/Bovespa,NEMO6.SA,NA
B3/Bovespa,NEOE3.SA,NA
B3/Bovespa,NETE34.SA,NA
B3/Bovespa,NEXT34.SA,NA
B3/Bovespa,NFLX34.SA,NA
B3/Bovespa,NGRD3.SA,NA
B3/Bovespa,NIKE34.SA,NA
B3/Bovespa,NINJ3.SA,NA
B3/Bovespa,NMRH34.SA,NA
B3/Bovespa,NOCG34.SA,NA
B3/Bovespa,NOKI34.SA,NA
B3/Bovespa,NORD3.SA,NA
B3/Bovespa,NRTQ3.SA,NA
B3/Bovespa,NTCO3.SA,NA
B3/Bovespa,NVDC34.SA,NA
B3/Bovespa,O1DF34.SA,NA
B3/Bovespa,O1KE34.SA,NA
B3/Bovespa,O1KT34.SA,NA
B3/Bovespa,O1MC34.SA,NA
B3/Bovespa,O1TI34.SA,NA
B3/Bovespa,ODER3.SA,NA
B3/Bovespa,ODER4.SA,NA
B3/Bovespa,ODPV3.SA,NA
B3/Bovespa,OFSA3.SA,NA
B3/Bovespa,OMGE3.SA,NA
B3/Bovespa,OPCT3.SA,NA
B3/Bovespa,OPGM3B.SA,NA
B3/Bovespa,OPHE3B.SA,NA
B3/Bovespa,OPSE3B.SA,NA
B3/Bovespa,OPTS3B.SA,NA
B3/Bovespa,ORCL34.SA,NA
B3/Bovespa,ORLY34.SA,NA
B3/Bovespa,ORVR3.SA,NA
B3/Bovespa,OSXB3.SA,NA
B3/Bovespa,OXYP34.SA,NA
B3/Bovespa,P1AC34.SA,NA
B3/Bovespa,P1AY34.SA,NA
B3/Bovespa,P1BC34.SA,NA
B3/Bovespa,P1DD34.SA,NA
B3/Bovespa,P1DT34.SA,NA
B3/Bovespa,P1EA34.SA,NA
B3/Bovespa,P1EG34.SA,NA
B3/Bovespa,P1FG34.SA,NA
B3/Bovespa,P1GR34.SA,NA
B3/Bovespa,P1HC34.SA,NA
B3/Bovespa,P1HM34.SA,NA
B3/Bovespa,P1IO34.SA,NA
B3/Bovespa,P1KG34.SA,NA
B3/Bovespa,P1KI34.SA,NA
B3/Bovespa,P1KX34.SA,NA
B3/Bovespa,P1LD34.SA,NA
B3/Bovespa,P1NR34.SA,NA
B3/Bovespa,P1NW34.SA,NA
B3/Bovespa,P1PG34.SA,NA
B3/Bovespa,P1PL34.SA,NA
B3/Bovespa,P1RG34.SA,NA
B3/Bovespa,P1SA34.SA,NA
B3/Bovespa,P1SX34.SA,NA
B3/Bovespa,P1UK34.SA,NA
B3/Bovespa,P1VH34.SA,NA
B3/Bovespa,P1YC34.SA,NA
B3/Bovespa,P2EN34.SA,NA
B3/Bovespa,PAGS34.SA,NA
B3/Bovespa,PARD3.SA,NA
B3/Bovespa,PATI3.SA,NA
B3/Bovespa,PATI4.SA,NA
B3/Bovespa,PCAR3.SA,NA
B3/Bovespa,PCAR99.SA,NA
B3/Bovespa,PDTC3.SA,NA
B3/Bovespa,PEAB3.SA,NA
B3/Bovespa,PEAB4.SA,NA
B3/Bovespa,PEPB34.SA,NA
B3/Bovespa,PETR3.SA,NA
B3/Bovespa,PETR4.SA,NA
B3/Bovespa,PETZ3.SA,NA
B3/Bovespa,PFIZ34.SA,NA
B3/Bovespa,PFRM3.SA,NA
B3/Bovespa,PGCO34.SA,NA
B3/Bovespa,PGMN3.SA,NA
B3/Bovespa,PHGN34.SA,NA
B3/Bovespa,PHMO34.SA,NA
B3/Bovespa,PINE3.SA,NA
B3/Bovespa,PINE4.SA,NA
B3/Bovespa,PLAS3.SA,NA
B3/Bovespa,PLPL3.SA,NA
B3/Bovespa,PMAM3.SA,NA
B3/Bovespa,PNCS34.SA,NA
B3/Bovespa,PNVL3.SA,NA
B3/Bovespa,PNVL4.SA,NA
B3/Bovespa,POMO3.SA,NA
B3/Bovespa,POMO4.SA,NA
B3/Bovespa,POSI3.SA,NA
B3/Bovespa,POWE3.SA,NA
B3/Bovespa,PPAR3.SA,NA
B3/Bovespa,PPLA11.SA,NA
B3/Bovespa,PRIO3.SA,NA
B3/Bovespa,PRMN3B.SA,NA
B3/Bovespa,PRNR3.SA,NA
B3/Bovespa,PRPT3B.SA,NA
B3/Bovespa,PSSA3.SA,NA
B3/Bovespa,PTBL3.SA,NA
B3/Bovespa,PTCA3.SA,NA
B3/Bovespa,PTCA11.SA,NA
B3/Bovespa,PTCH34.SA,NA
B3/Bovespa,PTNT3.SA,NA
B3/Bovespa,PTNT4.SA,NA
B3/Bovespa,PYPL34.SA,NA
B3/Bovespa,Q1RV34.SA,NA
B3/Bovespa,Q1UA34.SA,NA
B3/Bovespa,Q1UE34.SA,NA
B3/Bovespa,QCOM34.SA,NA
B3/Bovespa,QUAL3.SA,NA
B3/Bovespa,QUSW3.SA,NA
B3/Bovespa,QVQP3B.SA,NA
B3/Bovespa,R1CL34.SA,NA
B3/Bovespa,R1DY34.SA,NA
B3/Bovespa,R1EG34.SA,NA
B3/Bovespa,R1EL34.SA,NA
B3/Bovespa,R1FC34.SA,NA
B3/Bovespa,R1HI34.SA,NA
B3/Bovespa,R1IN34.SA,NA
B3/Bovespa,R1JF34.SA,NA
B3/Bovespa,R1KU34.SA,NA
B3/Bovespa,R1LC34.SA,NA
B3/Bovespa,R1MD34.SA,NA
B3/Bovespa,R1OK34.SA,NA
B3/Bovespa,R1OL34.SA,NA
B3/Bovespa,R1OP34.SA,NA
B3/Bovespa,R1SG34.SA,NA
B3/Bovespa,R1YA34.SA,NA
B3/Bovespa,RADL3.SA,NA
B3/Bovespa,RAIL3.SA,NA
B3/Bovespa,RANI3.SA,NA
B3/Bovespa,RAPT3.SA,NA
B3/Bovespa,RAPT4.SA,NA
B3/Bovespa,RCSL3.SA,NA
B3/Bovespa,RCSL4.SA,NA
B3/Bovespa,RDNI3.SA,NA
B3/Bovespa,RDOR3.SA,NA
B3/Bovespa,RDSA34.SA,NA
B3/Bovespa,RDSA35.SA,NA
B3/Bovespa,RECV3.SA,NA
B3/Bovespa,REDE3.SA,NA
B3/Bovespa,REGN34.SA,NA
B3/Bovespa,RENT3.SA,NA
B3/Bovespa,RIGG34.SA,NA
B3/Bovespa,RIOT34.SA,NA
B3/Bovespa,ROMI3.SA,NA
B3/Bovespa,ROST34.SA,NA
B3/Bovespa,RPAD3.SA,NA
B3/Bovespa,RPAD5.SA,NA
B3/Bovespa,RPAD6.SA,NA
B3/Bovespa,RRRP3.SA,NA
B3/Bovespa,RSID3.SA,NA
B3/Bovespa,RSUL3.SA,NA
B3/Bovespa,RSUL4.SA,NA
B3/Bovespa,RYTT34.SA,NA
B3/Bovespa,S1BA34.SA,NA
B3/Bovespa,S1BS34.SA,NA
B3/Bovespa,S1EA34.SA,NA
B3/Bovespa,S1GE34.SA,NA
B3/Bovespa,S1HW34.SA,NA
B3/Bovespa,S1IV34.SA,NA
B3/Bovespa,S1JM34.SA,NA
B3/Bovespa,S1KM34.SA,NA
B3/Bovespa,S1LG34.SA,NA
B3/Bovespa,S1MF34.SA,NA
B3/Bovespa,S1NA34.SA,NA
B3/Bovespa,S1NN34.SA,NA
B3/Bovespa,S1NP34.SA,NA
B3/Bovespa,S1OU34.SA,NA
B3/Bovespa,S1PL34.SA,NA
B3/Bovespa,S1PO34.SA,NA
B3/Bovespa,S1RE34.SA,NA
B3/Bovespa,S1RP34.SA,NA
B3/Bovespa,S1SL34.SA,NA
B3/Bovespa,S1SN34.SA,NA
B3/Bovespa,S1TE34.SA,NA
B3/Bovespa,S1TT34.SA,NA
B3/Bovespa,S1TX34.SA,NA
B3/Bovespa,S1WK34.SA,NA
B3/Bovespa,S1YF34.SA,NA
B3/Bovespa,S1YK34.SA,NA
B3/Bovespa,S1YM34.SA,NA
B3/Bovespa,S1YY34.SA,NA
B3/Bovespa,S2EA34.SA,NA
B3/Bovespa,S2HO34.SA,NA
B3/Bovespa,S2NW34.SA,NA
B3/Bovespa,S2QU34.SA,NA
B3/Bovespa,S2UI34.SA,NA
B3/Bovespa,SANB3.SA,NA
B3/Bovespa,SANB4.SA,NA
B3/Bovespa,SANB11.SA,NA
B3/Bovespa,SAPP34.SA,NA
B3/Bovespa,SAPR3.SA,NA
B3/Bovespa,SAPR4.SA,NA
B3/Bovespa,SAPR11.SA,NA
B3/Bovespa,SBFG3.SA,NA
B3/Bovespa,SBNY34.SA,NA
B3/Bovespa,SBSP3.SA,NA
B3/Bovespa,SBUB34.SA,NA
B3/Bovespa,SCAR3.SA,NA
B3/Bovespa,SCHW34.SA,NA
B3/Bovespa,SEER3.SA,NA
B3/Bovespa,SEQL3.SA,NA
B3/Bovespa,SGPS3.SA,NA
B3/Bovespa,SHOW3.SA,NA
B3/Bovespa,SHUL3.SA,NA
B3/Bovespa,SHUL4.SA,NA
B3/Bovespa,SIMH3.SA,NA
B3/Bovespa,SIMN34.SA,NA
B3/Bovespa,SLBC34.SA,NA
B3/Bovespa,SLBG34.SA,NA
B3/Bovespa,SLCE3.SA,NA
B3/Bovespa,SMFT3.SA,NA
B3/Bovespa,SMLL11.SA,NA
B3/Bovespa,SMLS3.SA,NA
B3/Bovespa,SMTO3.SA,NA
B3/Bovespa,SNEC34.SA,NA
B3/Bovespa,SNSY3.SA,NA
B3/Bovespa,SNSY5.SA,NA
B3/Bovespa,SNSY6.SA,NA
B3/Bovespa,SOJA3.SA,NA
B3/Bovespa,SOMA3.SA,NA
B3/Bovespa,SOND3.SA,NA
B3/Bovespa,SOND5.SA,NA
B3/Bovespa,SOND6.SA,NA
B3/Bovespa,SPGI34.SA,NA
B3/Bovespa,SQIA3.SA,NA
B3/Bovespa,SRXM34.SA,NA
B3/Bovespa,SSFO34.SA,NA
B3/Bovespa,STBP3.SA,NA
B3/Bovespa,STKF3.SA,NA
B3/Bovespa,STMN34.SA,NA
B3/Bovespa,STTR3.SA,NA
B3/Bovespa,STZB34.SA,NA
B3/Bovespa,SULA3.SA,NA
B3/Bovespa,SULA4.SA,NA
B3/Bovespa,SULA11.SA,NA
B3/Bovespa,SUZB3.SA,NA
B3/Bovespa,T1AL34.SA,NA
B3/Bovespa,T1AM34.SA,NA
B3/Bovespa,T1CH34.SA,NA
B3/Bovespa,T1DG34.SA,NA
B3/Bovespa,T1EC34.SA,NA
B3/Bovespa,T1EL34.SA,NA
B3/Bovespa,T1EV34.SA,NA
B3/Bovespa,T1FX34.SA,NA
B3/Bovespa,T1LK34.SA,NA
B3/Bovespa,T1MU34.SA,NA
B3/Bovespa,T1OW34.SA,NA
B3/Bovespa,T1RI34.SA,NA
B3/Bovespa,T1RO34.SA,NA
B3/Bovespa,T1SC34.SA,NA
B3/Bovespa,T1SO34.SA,NA
B3/Bovespa,T1SS34.SA,NA
B3/Bovespa,T1TW34.SA,NA
B3/Bovespa,T1WL34.SA,NA
B3/Bovespa,T1XT34.SA,NA
B3/Bovespa,T2DH34.SA,NA
B3/Bovespa,T2TD34.SA,NA
B3/Bovespa,TAEE3.SA,NA
B3/Bovespa,TAEE4.SA,NA
B3/Bovespa,TAEE11.SA,NA
B3/Bovespa,TAKP34.SA,NA
B3/Bovespa,TASA3.SA,NA
B3/Bovespa,TASA4.SA,NA
B3/Bovespa,TAXA1.SA,NA
B3/Bovespa,TAXA2.SA,NA
B3/Bovespa,TAXA3.SA,NA
B3/Bovespa,TAXA4.SA,NA
B3/Bovespa,TAXA5.SA,NA
B3/Bovespa,TAXA6.SA,NA
B3/Bovespa,TAXA0.SA,NA
B3/Bovespa,TCSA3.SA,NA
B3/Bovespa,TECN3.SA,NA
B3/Bovespa,TELB3.SA,NA
B3/Bovespa,TELB4.SA,NA
B3/Bovespa,TEND3.SA,NA
B3/Bovespa,TESA3.SA,NA
B3/Bovespa,TEXA34.SA,NA
B3/Bovespa,TFCO4.SA,NA
B3/Bovespa,TGMA3.SA,NA
B3/Bovespa,TGTB34.SA,NA
B3/Bovespa,THGI34.SA,NA
B3/Bovespa,TIMS3.SA,NA
B3/Bovespa,TJXC34.SA,NA
B3/Bovespa,TKNO3.SA,NA
B3/Bovespa,TKNO4.SA,NA
B3/Bovespa,TLNC34.SA,NA
B3/Bovespa,TMCO34.SA,NA
B3/Bovespa,TMOS34.SA,NA
B3/Bovespa,TOTS3.SA,NA
B3/Bovespa,TPIS3.SA,NA
B3/Bovespa,TPRY34.SA,NA
B3/Bovespa,TRIS3.SA,NA
B3/Bovespa,TRPL3.SA,NA
B3/Bovespa,TRPL4.SA,NA
B3/Bovespa,TRVC34.SA,NA
B3/Bovespa,TSLA34.SA,NA
B3/Bovespa,TSMC34.SA,NA
B3/Bovespa,TSNF34.SA,NA
B3/Bovespa,TUPY3.SA,NA
B3/Bovespa,TWTR34.SA,NA
B3/Bovespa,TXSA34.SA,NA
B3/Bovespa,U1AI34.SA,NA
B3/Bovespa,U1AL34.SA,NA
B3/Bovespa,U1BE34.SA,NA
B3/Bovespa,U1DR34.SA,NA
B3/Bovespa,U1HS34.SA,NA
B3/Bovespa,U1LT34.SA,NA
B3/Bovespa,U1NM34.SA,NA
B3/Bovespa,U1RI34.SA,NA
B3/Bovespa,U2ST34.SA,NA
B3/Bovespa,UBSG34.SA,NA
B3/Bovespa,UCAS3.SA,NA
B3/Bovespa,UGPA3.SA,NA
B3/Bovespa,ULEV34.SA,NA
B3/Bovespa,UNHH34.SA,NA
B3/Bovespa,UNIP3.SA,NA
B3/Bovespa,UNIP5.SA,NA
B3/Bovespa,UNIP6.SA,NA
B3/Bovespa,UPAC34.SA,NA
B3/Bovespa,UPKP3B.SA,NA
B3/Bovespa,UPSS34.SA,NA
B3/Bovespa,USBC34.SA,NA
B3/Bovespa,USIM3.SA,NA
B3/Bovespa,USIM5.SA,NA
B3/Bovespa,USIM6.SA,NA
B3/Bovespa,USSX34.SA,NA
B3/Bovespa,UTIL11.SA,NA
B3/Bovespa,V1IP34.SA,NA
B3/Bovespa,V1MC34.SA,NA
B3/Bovespa,V1NO34.SA,NA
B3/Bovespa,V1OD34.SA,NA
B3/Bovespa,V1RS34.SA,NA
B3/Bovespa,V1TA34.SA,NA
B3/Bovespa,VALE3.SA,NA
B3/Bovespa,VAMO3.SA,NA
B3/Bovespa,VERZ34.SA,NA
B3/Bovespa,VFCO34.SA,NA
B3/Bovespa,VISA34.SA,NA
B3/Bovespa,VIVA3.SA,NA
B3/Bovespa,VIVT3.SA,NA
B3/Bovespa,VLID3.SA,NA
B3/Bovespa,VLOE34.SA,NA
B3/Bovespa,VLYB34.SA,NA
B3/Bovespa,VRSN34.SA,NA
B3/Bovespa,VRTX34.SA,NA
B3/Bovespa,VSPT3.SA,NA
B3/Bovespa,VSPT4.SA,NA
B3/Bovespa,VULC3.SA,NA
B3/Bovespa,VVAR3.SA,NA
B3/Bovespa,W1AB34.SA,NA
B3/Bovespa,W1BK34.SA,NA
B3/Bovespa,W1BO34.SA,NA
B3/Bovespa,W1DA34.SA,NA
B3/Bovespa,W1DC34.SA,NA
B3/Bovespa,W1EC34.SA,NA
B3/Bovespa,W1EL34.SA,NA
B3/Bovespa,W1HR34.SA,NA
B3/Bovespa,W1IX34.SA,NA
B3/Bovespa,W1LT34.SA,NA
B3/Bovespa,W1MB34.SA,NA
B3/Bovespa,W1MC34.SA,NA
B3/Bovespa,W1MG34.SA,NA
B3/Bovespa,W1PP34.SA,NA
B3/Bovespa,W1RB34.SA,NA
B3/Bovespa,W1RK34.SA,NA
B3/Bovespa,W1SO34.SA,NA
B3/Bovespa,W1YC34.SA,NA
B3/Bovespa,W1YN34.SA,NA
B3/Bovespa,WABC34.SA,NA
B3/Bovespa,WALM34.SA,NA
B3/Bovespa,WATC34.SA,NA
B3/Bovespa,WEGE3.SA,NA
B3/Bovespa,WEST3.SA,NA
B3/Bovespa,WFCO34.SA,NA
B3/Bovespa,WGBA34.SA,NA
B3/Bovespa,WHRL3.SA,NA
B3/Bovespa,WHRL4.SA,NA
B3/Bovespa,WIZS3.SA,NA
B3/Bovespa,WLMM3.SA,NA
B3/Bovespa,WLMM4.SA,NA
B3/Bovespa,WSON33.SA,NA
B3/Bovespa,WUNI34.SA,NA
B3/Bovespa,X1EL34.SA,NA
B3/Bovespa,X1LN34.SA,NA
B3/Bovespa,X1YL34.SA,NA
B3/Bovespa,XRAY34.SA,NA
B3/Bovespa,XRXB34.SA,NA
B3/Bovespa,YDUQ3.SA,NA
B3/Bovespa,YUMR34.SA,NA
B3/Bovespa,Z1BH34.SA,NA
B3/Bovespa,Z1BR34.SA,NA
B3/Bovespa,Z1IO34.SA,NA
B3/Bovespa,Z1OM34.SA,NA
B3/Bovespa,Z1TO34.SA,NA
B3/Bovespa,Z1TS34.SA,NA
B3/Bovespa,Z2NG34.SA,NA
SP500 Components,MMM,Industrials
SP500 Components,ABT,Health Care
SP500 Components,ABBV,Health Care
SP500 Components,ABMD,Health Care
SP500 Components,ACN,Information Technology
SP500 Components,ATVI,Communication Services
SP500 Components,ADBE,Information Technology
SP500 Components,AMD,Information Technology
SP500 Components,AAP,Consumer Discretionary
SP500 Components,AES,Utilities
SP500 Components,AFL,Financials
SP500 Components,A,Health Care
SP500 Components,APD,Materials
SP500 Components,AKAM,Information Technology
SP500 Components,ALK,Industrials
SP500 Components,ALB,Materials
SP500 Components,ARE,Real Estate
SP500 Components,ALXN,Health Care
SP500 Components,ALGN,Health Care
SP500 Components,ALLE,Industrials
SP500 Components,LNT,Utilities
SP500 Components,ALL,Financials
SP500 Components,GOOGL,Communication Services
SP500 Components,GOOG,Communication Services
SP500 Components,MO,Consumer Staples
SP500 Components,AMZN,Consumer Discretionary
SP500 Components,AMCR,Materials
SP500 Components,AEE,Utilities
SP500 Components,AAL,Industrials
SP500 Components,AEP,Utilities
SP500 Components,AXP,Financials
SP500 Components,AIG,Financials
SP500 Components,AMT,Real Estate
SP500 Components,AWK,Utilities
SP500 Components,AMP,Financials
SP500 Components,ABC,Health Care
SP500 Components,AME,Industrials
SP500 Components,AMGN,Health Care
SP500 Components,APH,Information Technology
SP500 Components,ADI,Information Technology
SP500 Components,ANSS,Information Technology
SP500 Components,ANTM,Health Care
SP500 Components,AON,Financials
SP500 Components,AOS,Industrials
SP500 Components,APA,Energy
SP500 Components,AAPL,Information Technology
SP500 Components,AMAT,Information Technology
SP500 Components,APTV,Consumer Discretionary
SP500 Components,ADM,Consumer Staples
SP500 Components,ANET,Information Technology
SP500 Components,AJG,Financials
SP500 Components,AIZ,Financials
SP500 Components,T,Communication Services
SP500 Components,ATO,Utilities
SP500 Components,ADSK,Information Technology
SP500 Components,ADP,Information Technology
SP500 Components,AZO,Consumer Discretionary
SP500 Components,AVB,Real Estate
SP500 Components,AVY,Materials
SP500 Components,BKR,Energy
SP500 Components,BLL,Materials
SP500 Components,BAC,Financials
SP500 Components,BK,Financials
SP500 Components,BAX,Health Care
SP500 Components,BDX,Health Care
SP500 Components,BRK.B,Financials
SP500 Components,BBY,Consumer Discretionary
SP500 Components,BIO,Health Care
SP500 Components,BIIB,Health Care
SP500 Components,BLK,Financials
SP500 Components,BA,Industrials
SP500 Components,BKNG,Consumer Discretionary
SP500 Components,BWA,Consumer Discretionary
SP500 Components,BXP,Real Estate
SP500 Components,BSX,Health Care
SP500 Components,BMY,Health Care
SP500 Components,AVGO,Information Technology
SP500 Components,BR,Information Technology
SP500 Components,BF.B,Consumer Staples
SP500 Components,CHRW,Industrials
SP500 Components,COG,Energy
SP500 Components,CDNS,Information Technology
SP500 Components,CZR,Consumer Discretionary
SP500 Components,CPB,Consumer Staples
SP500 Components,COF,Financials
SP500 Components,CAH,Health Care
SP500 Components,KMX,Consumer Discretionary
SP500 Components,CCL,Consumer Discretionary
SP500 Components,CARR,Industrials
SP500 Components,CTLT,Health Care
SP500 Components,CAT,Industrials
SP500 Components,CBOE,Financials
SP500 Components,CBRE,Real Estate
SP500 Components,CDW,Information Technology
SP500 Components,CE,Materials
SP500 Components,CNC,Health Care
SP500 Components,CNP,Utilities
SP500 Components,CERN,Health Care
SP500 Components,CF,Materials
SP500 Components,SCHW,Financials
SP500 Components,CHTR,Communication Services
SP500 Components,CVX,Energy
SP500 Components,CMG,Consumer Discretionary
SP500 Components,CB,Financials
SP500 Components,CHD,Consumer Staples
SP500 Components,CI,Health Care
SP500 Components,CINF,Financials
SP500 Components,CTAS,Industrials
SP500 Components,CSCO,Information Technology
SP500 Components,C,Financials
SP500 Components,CFG,Financials
SP500 Components,CTXS,Information Technology
SP500 Components,CLX,Consumer Staples
SP500 Components,CME,Financials
SP500 Components,CMS,Utilities
SP500 Components,KO,Consumer Staples
SP500 Components,CTSH,Information Technology
SP500 Components,CL,Consumer Staples
SP500 Components,CMCSA,Communication Services
SP500 Components,CMA,Financials
SP500 Components,CAG,Consumer Staples
SP500 Components,COP,Energy
SP500 Components,ED,Utilities
SP500 Components,STZ,Consumer Staples
SP500 Components,COO,Health Care
SP500 Components,CPRT,Industrials
SP500 Components,GLW,Information Technology
SP500 Components,CTVA,Materials
SP500 Components,COST,Consumer Staples
SP500 Components,CCI,Real Estate
SP500 Components,CSX,Industrials
SP500 Components,CMI,Industrials
SP500 Components,CVS,Health Care
SP500 Components,DHI,Consumer Discretionary
SP500 Components,DHR,Health Care
SP500 Components,DRI,Consumer Discretionary
SP500 Components,DVA,Health Care
SP500 Components,DE,Industrials
SP500 Components,DAL,Industrials
SP500 Components,XRAY,Health Care
SP500 Components,DVN,Energy
SP500 Components,DXCM,Health Care
SP500 Components,FANG,Energy
SP500 Components,DLR,Real Estate
SP500 Components,DFS,Financials
SP500 Components,DISCA,Communication Services
SP500 Components,DISCK,Communication Services
SP500 Components,DISH,Communication Services
SP500 Components,DG,Consumer Discretionary
SP500 Components,DLTR,Consumer Discretionary
SP500 Components,D,Utilities
SP500 Components,DPZ,Consumer Discretionary
SP500 Components,DOV,Industrials
SP500 Components,DOW,Materials
SP500 Components,DTE,Utilities
SP500 Components,DUK,Utilities
SP500 Components,DRE,Real Estate
SP500 Components,DD,Materials
SP500 Components,DXC,Information Technology
SP500 Components,EMN,Materials
SP500 Components,ETN,Industrials
SP500 Components,EBAY,Consumer Discretionary
SP500 Components,ECL,Materials
SP500 Components,EIX,Utilities
SP500 Components,EW,Health Care
SP500 Components,EA,Communication Services
SP500 Components,EMR,Industrials
SP500 Components,ENPH,Information Technology
SP500 Components,ETR,Utilities
SP500 Components,EOG,Energy
SP500 Components,EFX,Industrials
SP500 Components,EQIX,Real Estate
SP500 Components,EQR,Real Estate
SP500 Components,ESS,Real Estate
SP500 Components,EL,Consumer Staples
SP500 Components,ETSY,Consumer Discretionary
SP500 Components,EVRG,Utilities
SP500 Components,ES,Utilities
SP500 Components,RE,Financials
SP500 Components,EXC,Utilities
SP500 Components,EXPE,Consumer Discretionary
SP500 Components,EXPD,Industrials
SP500 Components,EXR,Real Estate
SP500 Components,XOM,Energy
SP500 Components,FFIV,Information Technology
SP500 Components,FB,Communication Services
SP500 Components,FAST,Industrials
SP500 Components,FRT,Real Estate
SP500 Components,FDX,Industrials
SP500 Components,FIS,Information Technology
SP500 Components,FITB,Financials
SP500 Components,FE,Utilities
SP500 Components,FRC,Financials
SP500 Components,FISV,Information Technology
SP500 Components,FLT,Information Technology
SP500 Components,FLIR,Information Technology
SP500 Components,FMC,Materials
SP500 Components,F,Consumer Discretionary
SP500 Components,FTNT,Information Technology
SP500 Components,FTV,Industrials
SP500 Components,FBHS,Industrials
SP500 Components,FOXA,Communication Services
SP500 Components,FOX,Communication Services
SP500 Components,BEN,Financials
SP500 Components,FCX,Materials
SP500 Components,GPS,Consumer Discretionary
SP500 Components,GRMN,Consumer Discretionary
SP500 Components,IT,Information Technology
SP500 Components,GNRC,Industrials
SP500 Components,GD,Industrials
SP500 Components,GE,Industrials
SP500 Components,GIS,Consumer Staples
SP500 Components,GM,Consumer Discretionary
SP500 Components,GPC,Consumer Discretionary
SP500 Components,GILD,Health Care
SP500 Components,GL,Financials
SP500 Components,GPN,Information Technology
SP500 Components,GS,Financials
SP500 Components,GWW,Industrials
SP500 Components,HAL,Energy
SP500 Components,HBI,Consumer Discretionary
SP500 Components,HIG,Financials
SP500 Components,HAS,Consumer Discretionary
SP500 Components,HCA,Health Care
SP500 Components,PEAK,Real Estate
SP500 Components,HSIC,Health Care
SP500 Components,HSY,Consumer Staples
SP500 Components,HES,Energy
SP500 Components,HPE,Information Technology
SP500 Components,HLT,Consumer Discretionary
SP500 Components,HFC,Energy
SP500 Components,HOLX,Health Care
SP500 Components,HD,Consumer Discretionary
SP500 Components,HON,Industrials
SP500 Components,HRL,Consumer Staples
SP500 Components,HST,Real Estate
SP500 Components,HWM,Industrials
SP500 Components,HPQ,Information Technology
SP500 Components,HUM,Health Care
SP500 Components,HBAN,Financials
SP500 Components,HII,Industrials
SP500 Components,IEX,Industrials
SP500 Components,IDXX,Health Care
SP500 Components,INFO,Industrials
SP500 Components,ITW,Industrials
SP500 Components,ILMN,Health Care
SP500 Components,INCY,Health Care
SP500 Components,IR,Industrials
SP500 Components,INTC,Information Technology
SP500 Components,ICE,Financials
SP500 Components,IBM,Information Technology
SP500 Components,IP,Materials
SP500 Components,IPG,Communication Services
SP500 Components,IFF,Materials
SP500 Components,INTU,Information Technology
SP500 Components,ISRG,Health Care
SP500 Components,IVZ,Financials
SP500 Components,IPGP,Information Technology
SP500 Components,IQV,Health Care
SP500 Components,IRM,Real Estate
SP500 Components,JKHY,Information Technology
SP500 Components,J,Industrials
SP500 Components,JBHT,Industrials
SP500 Components,SJM,Consumer Staples
SP500 Components,JNJ,Health Care
SP500 Components,JCI,Industrials
SP500 Components,JPM,Financials
SP500 Components,JNPR,Information Technology
SP500 Components,KSU,Industrials
SP500 Components,K,Consumer Staples
SP500 Components,KEY,Financials
SP500 Components,KEYS,Information Technology
SP500 Components,KMB,Consumer Staples
SP500 Components,KIM,Real Estate
SP500 Components,KMI,Energy
SP500 Components,KLAC,Information Technology
SP500 Components,KHC,Consumer Staples
SP500 Components,KR,Consumer Staples
SP500 Components,LB,Consumer Discretionary
SP500 Components,LHX,Industrials
SP500 Components,LH,Health Care
SP500 Components,LRCX,Information Technology
SP500 Components,LW,Consumer Staples
SP500 Components,LVS,Consumer Discretionary
SP500 Components,LEG,Consumer Discretionary
SP500 Components,LDOS,Industrials
SP500 Components,LEN,Consumer Discretionary
SP500 Components,LLY,Health Care
SP500 Components,LNC,Financials
SP500 Components,LIN,Materials
SP500 Components,LYV,Communication Services
SP500 Components,LKQ,Consumer Discretionary
SP500 Components,LMT,Industrials
SP500 Components,L,Financials
SP500 Components,LOW,Consumer Discretionary
SP500 Components,LUMN,Communication Services
SP500 Components,LYB,Materials
SP500 Components,MTB,Financials
SP500 Components,MRO,Energy
SP500 Components,MPC,Energy
SP500 Components,MKTX,Financials
SP500 Components,MAR,Consumer Discretionary
SP500 Components,MMC,Financials
SP500 Components,MLM,Materials
SP500 Components,MAS,Industrials
SP500 Components,MA,Information Technology
SP500 Components,MKC,Consumer Staples
SP500 Components,MXIM,Information Technology
SP500 Components,MCD,Consumer Discretionary
SP500 Components,MCK,Health Care
SP500 Components,MDT,Health Care
SP500 Components,MRK,Health Care
SP500 Components,MET,Financials
SP500 Components,MTD,Health Care
SP500 Components,MGM,Consumer Discretionary
SP500 Components,MCHP,Information Technology
SP500 Components,MU,Information Technology
SP500 Components,MSFT,Information Technology
SP500 Components,MAA,Real Estate
SP500 Components,MHK,Consumer Discretionary
SP500 Components,TAP,Consumer Staples
SP500 Components,MDLZ,Consumer Staples
SP500 Components,MPWR,Information Technology
SP500 Components,MNST,Consumer Staples
SP500 Components,MCO,Financials
SP500 Components,MS,Financials
SP500 Components,MOS,Materials
SP500 Components,MSI,Information Technology
SP500 Components,MSCI,Financials
SP500 Components,NDAQ,Financials
SP500 Components,NTAP,Information Technology
SP500 Components,NFLX,Communication Services
SP500 Components,NWL,Consumer Discretionary
SP500 Components,NEM,Materials
SP500 Components,NWSA,Communication Services
SP500 Components,NWS,Communication Services
SP500 Components,NEE,Utilities
SP500 Components,NLSN,Industrials
SP500 Components,NKE,Consumer Discretionary
SP500 Components,NI,Utilities
SP500 Components,NSC,Industrials
SP500 Components,NTRS,Financials
SP500 Components,NOC,Industrials
SP500 Components,NLOK,Information Technology
SP500 Components,NCLH,Consumer Discretionary
SP500 Components,NOV,Energy
SP500 Components,NRG,Utilities
SP500 Components,NUE,Materials
SP500 Components,NVDA,Information Technology
SP500 Components,NVR,Consumer Discretionary
SP500 Components,NXPI,Information Technology
SP500 Components,ORLY,Consumer Discretionary
SP500 Components,OXY,Energy
SP500 Components,ODFL,Industrials
SP500 Components,OMC,Communication Services
SP500 Components,OKE,Energy
SP500 Components,ORCL,Information Technology
SP500 Components,OTIS,Industrials
SP500 Components,PCAR,Industrials
SP500 Components,PKG,Materials
SP500 Components,PH,Industrials
SP500 Components,PAYX,Information Technology
SP500 Components,PAYC,Information Technology
SP500 Components,PYPL,Information Technology
SP500 Components,PENN,Consumer Discretionary
SP500 Components,PNR,Industrials
SP500 Components,PBCT,Financials
SP500 Components,PEP,Consumer Staples
SP500 Components,PKI,Health Care
SP500 Components,PRGO,Health Care
SP500 Components,PFE,Health Care
SP500 Components,PM,Consumer Staples
SP500 Components,PSX,Energy
SP500 Components,PNW,Utilities
SP500 Components,PXD,Energy
SP500 Components,PNC,Financials
SP500 Components,POOL,Consumer Discretionary
SP500 Components,PPG,Materials
SP500 Components,PPL,Utilities
SP500 Components,PFG,Financials
SP500 Components,PG,Consumer Staples
SP500 Components,PGR,Financials
SP500 Components,PLD,Real Estate
SP500 Components,PRU,Financials
SP500 Components,PTC,Information Technology
SP500 Components,PEG,Utilities
SP500 Components,PSA,Real Estate
SP500 Components,PHM,Consumer Discretionary
SP500 Components,PVH,Consumer Discretionary
SP500 Components,QRVO,Information Technology
SP500 Components,PWR,Industrials
SP500 Components,QCOM,Information Technology
SP500 Components,DGX,Health Care
SP500 Components,RL,Consumer Discretionary
SP500 Components,RJF,Financials
SP500 Components,RTX,Industrials
SP500 Components,O,Real Estate
SP500 Components,REG,Real Estate
SP500 Components,REGN,Health Care
SP500 Components,RF,Financials
SP500 Components,RSG,Industrials
SP500 Components,RMD,Health Care
SP500 Components,RHI,Industrials
SP500 Components,ROK,Industrials
SP500 Components,ROL,Industrials
SP500 Components,ROP,Industrials
SP500 Components,ROST,Consumer Discretionary
SP500 Components,RCL,Consumer Discretionary
SP500 Components,SPGI,Financials
SP500 Components,CRM,Information Technology
SP500 Components,SBAC,Real Estate
SP500 Components,SLB,Energy
SP500 Components,STX,Information Technology
SP500 Components,SEE,Materials
SP500 Components,SRE,Utilities
SP500 Components,NOW,Information Technology
SP500 Components,SHW,Materials
SP500 Components,SPG,Real Estate
SP500 Components,SWKS,Information Technology
SP500 Components,SNA,Industrials
SP500 Components,SO,Utilities
SP500 Components,LUV,Industrials
SP500 Components,SWK,Industrials
SP500 Components,SBUX,Consumer Discretionary
SP500 Components,STT,Financials
SP500 Components,STE,Health Care
SP500 Components,SYK,Health Care
SP500 Components,SIVB,Financials
SP500 Components,SYF,Financials
SP500 Components,SNPS,Information Technology
SP500 Components,SYY,Consumer Staples
SP500 Components,TMUS,Communication Services
SP500 Components,TROW,Financials
SP500 Components,TTWO,Communication Services
SP500 Components,TPR,Consumer Discretionary
SP500 Components,TGT,Consumer Discretionary
SP500 Components,TEL,Information Technology
SP500 Components,TDY,Industrials
SP500 Components,TFX,Health Care
SP500 Components,TER,Information Technology
SP500 Components,TSLA,Consumer Discretionary
SP500 Components,TXN,Information Technology
SP500 Components,TXT,Industrials
SP500 Components,TMO,Health Care
SP500 Components,TJX,Consumer Discretionary
SP500 Components,TSCO,Consumer Discretionary
SP500 Components,TT,Industrials
SP500 Components,TDG,Industrials
SP500 Components,TRV,Financials
SP500 Components,TRMB,Information Technology
SP500 Components,TFC,Financials
SP500 Components,TWTR,Communication Services
SP500 Components,TYL,Information Technology
SP500 Components,TSN,Consumer Staples
SP500 Components,UDR,Real Estate
SP500 Components,ULTA,Consumer Discretionary
SP500 Components,USB,Financials
SP500 Components,UAA,Consumer Discretionary
SP500 Components,UA,Consumer Discretionary
SP500 Components,UNP,Industrials
SP500 Components,UAL,Industrials
SP500 Components,UNH,Health Care
SP500 Components,UPS,Industrials
SP500 Components,URI,Industrials
SP500 Components,UHS,Health Care
SP500 Components,UNM,Financials
SP500 Components,VLO,Energy
SP500 Components,VTR,Real Estate
SP500 Components,VRSN,Information Technology
SP500 Components,VRSK,Industrials
SP500 Components,VZ,Communication Services
SP500 Components,VRTX,Health Care
SP500 Components,VFC,Consumer Discretionary
SP500 Components,VIAC,Communication Services
SP500 Components,VTRS,Health Care
SP500 Components,V,Information Technology
SP500 Components,VNO,Real Estate
SP500 Components,VMC,Materials
SP500 Components,WRB,Financials
SP500 Components,WAB,Industrials
SP500 Components,WMT,Consumer Staples
SP500 Components,WBA,Consumer Staples
SP500 Components,DIS,Communication Services
SP500 Components,WM,Industrials
SP500 Components,WAT,Health Care
SP500 Components,WEC,Utilities
SP500 Components,WFC,Financials
SP500 Components,WELL,Real Estate
SP500 Components,WST,Health Care
SP500 Components,WDC,Information Technology
SP500 Components,WU,Information Technology
SP500 Components,WRK,Materials
SP500 Components,WY,Real Estate
SP500 Components,WHR,Consumer Discretionary
SP500 Components,WMB,Energy
SP500 Components,WLTW,Financials
SP500 Components,WYNN,Consumer Discretionary
SP500 Components,XEL,Utilities
SP500 Components,XLNX,Information Technology
SP500 Components,XYL,Industrials
SP500 Components,YUM,Consumer Discretionary
SP500 Components,ZBRA,Information Technology
SP500 Components,ZBH,Health Care
SP500 Components,ZION,Financials
SP500 Components,ZTS,Health Care
